,height,weight,age,male
333,96.52,14.968535999999999,2.0,0
37,142.875,35.578622499999994,32.0,0
395,93.98,13.834556,4.0,0
492,111.125,17.690088,6.0,1
535,114.935,17.519991,7.0,1
65,145.415,45.642695,23.0,0
121,169.545,53.523856,41.0,1
330,99.695,16.244263500000002,5.0,0
204,149.225,40.3980375,53.0,0
524,156.21,44.0267735,33.0,0
425,84.455,9.3836845,2.0,1
283,162.56,49.5549,19.0,1
471,78.105,8.221355,3.0,0
168,150.1648,41.95726,22.0,0
282,147.32,35.947165999999996,40.0,0
